"행정구역","2021년_총인구수","2021년_세대수","2021년_세대당 인구","2021년_남자 인구수","2021년_여자 인구수","2021년_남여 비율","2022년_총인구수","2022년_세대수","2022년_세대당 인구","2022년_남자 인구수","2022년_여자 인구수","2022년_남여 비율","2023년_총인구수","2023년_세대수","2023년_세대당 인구","2023년_남자 인구수","2023년_여자 인구수","2023년_남여 비율","2024년_총인구수","2024년_세대수","2024년_세대당 인구","2024년_남자 인구수","2024년_여자 인구수","2024년_남여 비율","2025년_총인구수","2025년_세대수","2025년_세대당 인구","2025년_남자 인구수","2025년_여자 인구수","2025년_남여 비율"
"인천광역시  (2800000000)","2,948,375","1,298,647","          2.27","1,476,373","1,472,002","          1.00","2,967,314","1,322,632","          2.24","1,485,175","1,482,139","          1.00","2,997,410","1,350,912","          2.22","1,499,016","1,498,394","          1.00","3,021,010","1,373,827","          2.20","1,509,243","1,511,767","          1.00","3,051,961","1,400,788","          2.18","1,524,286","1,527,675","          1.00"
"인천광역시 인천광역시 중구 (2811000000)","143,633","71,061","          2.02","74,679","68,954","          1.08","152,931","75,960","          2.01","79,359","73,572","          1.08","158,958","79,520","          2.00","82,334","76,624","          1.07","167,113","83,800","          1.99","86,397","80,716","          1.07","176,467","88,888","          1.99","91,366","85,101","          1.07"
"인천광역시 인천광역시 동구 (2814000000)","61,486","28,681","          2.14","30,998","30,488","          1.02","58,999","27,618","          2.14","29,691","29,308","          1.01","59,482","28,091","          2.12","29,805","29,677","          1.00","58,296","27,792","          2.10","29,218","29,078","          1.00","56,477","27,216","          2.08","28,236","28,241","          1.00"
"인천광역시 인천광역시 미추홀구 (2817700000)","407,464","193,561","          2.11","205,283","202,181","          1.02","406,004","194,841","          2.08","204,354","201,650","          1.01","405,995","196,607","          2.07","204,247","201,748","          1.01","412,274","201,075","          2.05","207,449","204,825","          1.01","417,578","205,242","          2.03","209,946","207,632","          1.01"
"인천광역시 인천광역시 연수구 (2818500000)","389,644","155,984","          2.50","193,417","196,227","          0.99","385,796","156,047","          2.47","191,405","194,391","          0.98","392,416","159,905","          2.45","194,599","197,817","          0.98","400,213","163,940","          2.44","198,116","202,097","          0.98","409,437","168,688","          2.43","202,573","206,864","          0.98"
"인천광역시 인천광역시 남동구 (2820000000)","518,272","228,442","          2.27","257,468","260,804","          0.99","506,181","226,763","          2.23","251,394","254,787","          0.99","492,415","224,268","          2.20","244,530","247,885","          0.99","486,225","224,816","          2.16","241,220","245,005","          0.98","480,147","225,320","          2.13","238,057","242,090","          0.98"
"인천광역시 인천광역시 부평구 (2823700000)","486,765","213,372","          2.28","240,348","246,417","          0.98","489,118","217,924","          2.24","241,285","247,833","          0.97","494,138","223,271","          2.21","243,292","250,846","          0.97","493,200","224,988","          2.19","242,457","250,743","          0.97","490,442","226,292","          2.17","240,854","249,588","          0.97"
"인천광역시 인천광역시 계양구 (2824500000)","295,696","127,984","          2.31","147,316","148,380","          0.99","288,856","127,201","          2.27","143,881","144,975","          0.99","280,266","125,640","          2.23","139,459","140,807","          0.99","280,227","127,670","          2.19","139,318","140,909","          0.99","277,721","128,575","          2.16","138,177","139,544","          0.99"
"인천광역시 인천광역시 서구 (2826000000)","555,380","232,834","          2.39","280,398","274,982","          1.02","589,013","248,741","          2.37","297,120","291,893","          1.02","624,358","266,168","          2.35","314,541","309,817","          1.02","634,064","271,798","          2.33","319,008","315,056","          1.01","654,358","282,102","          2.32","328,995","325,363","          1.01"
"인천광역시 인천광역시 강화군 (2871000000)","69,693","34,667","          2.01","34,868","34,825","          1.00","69,803","35,114","          1.99","34,918","34,885","          1.00","69,005","35,005","          1.97","34,566","34,439","          1.00","69,402","35,588","          1.95","34,707","34,695","          1.00","69,698","36,130","          1.93","34,858","34,840","          1.00"
"인천광역시 인천광역시 옹진군 (2872000000)","20,342","12,061","          1.69","11,598","8,744","          1.33","20,613","12,423","          1.66","11,768","8,845","          1.33","20,377","12,437","          1.64","11,643","8,734","          1.33","19,996","12,360","          1.62","11,353","8,643","          1.31","19,636","12,335","          1.59","11,224","8,412","          1.33"
